{
  "name": "angular-spinner",
  "description": "Angular directive to show an animated spinner (using spin.js)",
  "main": "./dist/angular-spinner.min.js",
  "author": "Uri Shaked",
  "license": "MIT",
  "homepage": "https://github.com/Attrash-Islam/bower-angular-spinner",
  "repository": {
    "type": "git",
    "url": "git://github.com/Attrash-Islam/bower-angular-spinner.git"
  },
  "version": "1.0.1",
  "_release": "1.0.1",
  "_resolution": {
    "type": "version",
    "tag": "v1.0.1",
    "commit": "9f2dfbb76c60835271ff0243ce8234933aa2919b"
  },
  "_source": "https://github.com/Attrash-Islam/bower-angular-spinner.git",
  "_target": "^1.0.1",
  "_originalSource": "angular-spinner"
}