{
  "profiles": [
    {
      "id": 697,
      "createdTs": "2016-12-19T19:43:25.036704Z",
      "updatedTs": "2016-12-19T19:43:25.036750Z",
      "name": "Ashly O'Hara",
      "email": "hilton_reichel@troy.net",
      "sex": "M",
      "birthdate": "1973-07-01T04:23:31.036240Z",
      "phonenumber": "1-8106-122-6925",
      "address": "1379 Zulauf Well",
      "city": "Walkerborough",
      "country": "Wales",
      "photo": "https://randomuser.me/api/portraits/men/40.jpg",
      "favorite": false
    },
    {
      "id": 695,
      "createdTs": "2016-12-19T19:43:25.031640Z",
      "updatedTs": "2016-12-19T19:43:25.031670Z",
      "name": "Bell Schaefer",
      "email": "jade@raphael.info",
      "sex": "M",
      "birthdate": "1981-02-11T08:35:53.031223Z",
      "phonenumber": "1-1009-265-3975 x0010",
      "address": "89579 Koepp Roads",
      "city": "D'Amoreland",
      "country": "England",
      "photo": "https://randomuser.me/api/portraits/men/38.jpg",
      "favorite": false
    },
    {
      "id": 705,
      "createdTs": "2016-12-19T19:43:25.050772Z",
      "updatedTs": "2016-12-19T19:43:25.050807Z",
      "name": "Benedict VonRueden",
      "email": "karina@margret.net",
      "sex": "F",
      "birthdate": "1978-07-12T21:44:44.050318Z",
      "phonenumber": "157-986-37107 x687",
      "address": "2910 Mortimer Hollow",
      "city": "Lake Tara",
      "country": "Scotland",
      "photo": "https://randomuser.me/api/portraits/women/48.jpg",
      "favorite": false
    },
    {
      "id": 680,
      "createdTs": "2016-12-19T19:43:25.004124Z",
      "updatedTs": "2016-12-19T19:43:25.004164Z",
      "name": "Christine Jacobs",
      "email": "reina_stehr@elsa.name",
      "sex": "F",
      "birthdate": "2000-07-03T01:57:13.003634Z",
      "phonenumber": "646.634.3900",
      "address": "2814 Howe Ways",
      "city": "East Katlynnhaven",
      "country": "Northern Ireland",
      "photo": "https://randomuser.me/api/portraits/women/23.jpg",
      "favorite": false
    },
    {
      "id": 691,
      "createdTs": "2016-12-19T19:43:25.024227Z",
      "updatedTs": "2016-12-19T19:43:25.024271Z",
      "name": "Clyde Nikolaus II",
      "email": "mckenzie@blaise.me",
      "sex": "F",
      "birthdate": "1974-09-25T22:05:54.023736Z",
      "phonenumber": "(51010)967-7197",
      "address": "129 Maverick Bridge",
      "city": "North Junius",
      "country": "England",
      "photo": "https://randomuser.me/api/portraits/women/34.jpg",
      "favorite": false
    },
    {
      "id": 664,
      "createdTs": "2016-12-19T19:43:24.972417Z",
      "updatedTs": "2016-12-19T19:43:24.972455Z",
      "name": "Dangelo Boehm",
      "email": "jerry.cole@ben.net",
      "sex": "F",
      "birthdate": "1979-07-13T10:24:37.971940Z",
      "phonenumber": "1-413-997-09310",
      "address": "82186 Macejkovic Corner",
      "city": "North Donatoberg",
      "country": "Wales",
      "photo": "https://randomuser.me/api/portraits/women/7.jpg",
      "favorite": false
    },
    {
      "id": 698,
      "createdTs": "2016-12-19T19:43:25.038462Z",
      "updatedTs": "2016-12-19T19:43:25.038499Z",
      "name": "Delfina Anderson",
      "email": "deanna_schmitt@zoey.tv",
      "sex": "M",
      "birthdate": "1985-02-01T06:30:41.037985Z",
      "phonenumber": "(239)926-26103",
      "address": "6319 Mariana Vista",
      "city": "Lake Breana",
      "country": "England",
      "photo": "https://randomuser.me/api/portraits/men/41.jpg",
      "favorite": false
    },
    {
      "id": 702,
      "createdTs": "2016-12-19T19:43:25.045023Z",
      "updatedTs": "2016-12-19T19:43:25.045058Z",
      "name": "Dock Gislason",
      "email": "annabelle@sofia.ca",
      "sex": "F",
      "birthdate": "1989-06-09T06:37:49.044568Z",
      "phonenumber": "1-408-128-1614 x238",
      "address": "943 Johnny Summit",
      "city": "Runolfsdottirside",
      "country": "Northern Ireland",
      "photo": "https://randomuser.me/api/portraits/women/45.jpg",
      "favorite": false
    },
    {
      "id": 658,
      "createdTs": "2016-12-19T19:43:24.960599Z",
      "updatedTs": "2016-12-19T19:43:24.960637Z",
      "name": "Domingo White",
      "email": "jaron.shields@angie.biz",
      "sex": "M",
      "birthdate": "1985-11-01T06:59:06.960092Z",
      "phonenumber": "(498)2105-4380",
      "address": "258 Hank Brooks",
      "city": "West Lilliana",
      "country": "England",
      "photo": "https://randomuser.me/api/portraits/men/1.jpg",
      "favorite": false
    },
    {
      "id": 700,
      "createdTs": "2016-12-19T19:43:25.041720Z",
      "updatedTs": "2016-12-19T19:43:25.041757Z",
      "name": "Drake Murray",
      "email": "lavinia_walsh@emanuel.us",
      "sex": "F",
      "birthdate": "1992-08-05T22:48:15.041268Z",
      "phonenumber": "(936)532-4061",
      "address": "38105 Weimann Cliffs",
      "city": "New Josiannetown",
      "country": "Northern Ireland",
      "photo": "https://randomuser.me/api/portraits/women/43.jpg",
      "favorite": false
    },
    {
      "id": 679,
      "createdTs": "2016-12-19T19:43:25.002355Z",
      "updatedTs": "2016-12-19T19:43:25.002398Z",
      "name": "Emilio Christiansen",
      "email": "kennedy@lorna.org",
      "sex": "F",
      "birthdate": "1990-10-02T22:36:01.001872Z",
      "phonenumber": "1-671-879-101003",
      "address": "721 Daugherty Corner",
      "city": "Russelmouth",
      "country": "Wales",
      "photo": "https://randomuser.me/api/portraits/women/22.jpg",
      "favorite": false
    },
    {
      "id": 685,
      "createdTs": "2016-12-19T19:43:25.012978Z",
      "updatedTs": "2016-12-19T19:43:25.013017Z",
      "name": "Emmie Sporer",
      "email": "nels.johns@verlie.com",
      "sex": "M",
      "birthdate": "1995-07-18T15:19:44.012503Z",
      "phonenumber": "(1001)159-76210",
      "address": "19729 Jamarcus Views",
      "city": "Aufderharberg",
      "country": "Scotland",
      "photo": "https://randomuser.me/api/portraits/men/28.jpg",
      "favorite": false
    },
    {
      "id": 706,
      "createdTs": "2016-12-19T19:43:25.053144Z",
      "updatedTs": "2016-12-19T19:43:25.053182Z",
      "name": "Enos Osinski",
      "email": "merle@emilio.biz",
      "sex": "M",
      "birthdate": "1977-07-15T05:03:12.052687Z",
      "phonenumber": "1-251-1022-104110 x47110",
      "address": "596 Hansen Motorway",
      "city": "McCluremouth",
      "country": "England",
      "photo": "https://randomuser.me/api/portraits/men/49.jpg",
      "favorite": false
    },
    {
      "id": 674,
      "createdTs": "2016-12-19T19:43:24.993090Z",
      "updatedTs": "2016-12-19T19:43:24.993123Z",
      "name": "Era Satterfield PhD",
      "email": "carmine@milton.biz",
      "sex": "M",
      "birthdate": "1987-06-23T19:46:12.992692Z",
      "phonenumber": "1-10510-1104-3789",
      "address": "352 Christiansen Plain",
      "city": "Heidenreichshire",
      "country": "Northern Ireland",
      "photo": "https://randomuser.me/api/portraits/men/17.jpg",
      "favorite": false
    },
    {
      "id": 663,
      "createdTs": "2016-12-19T19:43:24.970635Z",
      "updatedTs": "2016-12-19T19:43:24.970675Z",
      "name": "Everett Erdman",
      "email": "brandt@jalon.me",
      "sex": "M",
      "birthdate": "1977-12-10T09:33:00.970103Z",
      "phonenumber": "439.618.8041",
      "address": "825 Sylvester Junction",
      "city": "New Aricside",
      "country": "Northern Ireland",
      "photo": "https://randomuser.me/api/portraits/men/6.jpg",
      "favorite": false
    },
    {
      "id": 683,
      "createdTs": "2016-12-19T19:43:25.009528Z",
      "updatedTs": "2016-12-19T19:43:25.009566Z",
      "name": "Ewell Hegmann",
      "email": "marcia_kessler@suzanne.net",
      "sex": "M",
      "birthdate": "1992-07-19T00:16:07.009035Z",
      "phonenumber": "1-361-455-2962",
      "address": "494 Ward Light",
      "city": "Einoshire",
      "country": "Scotland",
      "photo": "https://randomuser.me/api/portraits/men/26.jpg",
      "favorite": false
    },
    {
      "id": 701,
      "createdTs": "2016-12-19T19:43:25.043351Z",
      "updatedTs": "2016-12-19T19:43:25.043381Z",
      "name": "Finn Shanahan",
      "email": "josephine@carlos.tv",
      "sex": "M",
      "birthdate": "1971-05-17T09:21:15.042903Z",
      "phonenumber": "1-354-3104-21029 x59324",
      "address": "071034 Humberto Pike",
      "city": "Curtbury",
      "country": "England",
      "photo": "https://randomuser.me/api/portraits/men/44.jpg",
      "favorite": false
    },
    {
      "id": 660,
      "createdTs": "2016-12-19T19:43:24.964352Z",
      "updatedTs": "2016-12-19T19:43:24.964388Z",
      "name": "German Blanda II",
      "email": "tyree.mayer@malika.ca",
      "sex": "M",
      "birthdate": "1981-06-14T00:34:30.963815Z",
      "phonenumber": "1081-863-5347 x02106",
      "address": "8102104 Kian Union",
      "city": "East Mattie",
      "country": "Scotland",
      "photo": "https://randomuser.me/api/portraits/men/3.jpg",
      "favorite": false
    },
    {
      "id": 687,
      "createdTs": "2016-12-19T19:43:25.016337Z",
      "updatedTs": "2016-12-19T19:43:25.016374Z",
      "name": "Hazle Beer",
      "email": "vaughn@eleonore.biz",
      "sex": "M",
      "birthdate": "1977-04-19T23:56:09.015878Z",
      "phonenumber": "934-491-8855",
      "address": "506 Parker Stream",
      "city": "Kihnhaven",
      "country": "Northern Ireland",
      "photo": "https://randomuser.me/api/portraits/men/30.jpg",
      "favorite": false
    },
    {
      "id": 659,
      "createdTs": "2016-12-19T19:43:24.962456Z",
      "updatedTs": "2016-12-19T19:43:24.962489Z",
      "name": "Jazmin Bode",
      "email": "oleta.hessel@mayra.biz",
      "sex": "M",
      "birthdate": "1998-08-27T18:35:12.962014Z",
      "phonenumber": "1-330-349-8362",
      "address": "056 VonRueden Throughway",
      "city": "Kutchtown",
      "country": "Wales",
      "photo": "https://randomuser.me/api/portraits/men/2.jpg",
      "favorite": false
    },
    {
      "id": 675,
      "createdTs": "2016-12-19T19:43:24.994790Z",
      "updatedTs": "2016-12-19T19:43:24.994821Z",
      "name": "Joan Daniel",
      "email": "beulah@neha.ca",
      "sex": "M",
      "birthdate": "1979-11-01T08:04:36.994353Z",
      "phonenumber": "049-1080-2551",
      "address": "4497 Vickie Spurs",
      "city": "Lake Jaidenton",
      "country": "England",
      "photo": "https://randomuser.me/api/portraits/men/18.jpg",
      "favorite": false
    },
    {
      "id": 670,
      "createdTs": "2016-12-19T19:43:24.983649Z",
      "updatedTs": "2016-12-19T19:43:24.983713Z",
      "name": "Kamron Jacobi I",
      "email": "missouri@arthur.org",
      "sex": "M",
      "birthdate": "1988-06-28T18:39:21.982791Z",
      "phonenumber": "412.343.2782 x759",
      "address": "490 Willms Cliffs",
      "city": "Minervaside",
      "country": "Scotland",
      "photo": "https://randomuser.me/api/portraits/men/13.jpg",
      "favorite": false
    },
    {
      "id": 665,
      "createdTs": "2016-12-19T19:43:24.974099Z",
      "updatedTs": "2016-12-19T19:43:24.974137Z",
      "name": "Kenna Bradtke",
      "email": "deshawn_nolan@rey.biz",
      "sex": "M",
      "birthdate": "1974-10-12T12:26:23.973618Z",
      "phonenumber": "1-399-797-3337 x39402",
      "address": "046910 Grant Lane",
      "city": "North Johnmouth",
      "country": "Scotland",
      "photo": "https://randomuser.me/api/portraits/men/8.jpg",
      "favorite": false
    },
    {
      "id": 694,
      "createdTs": "2016-12-19T19:43:25.030109Z",
      "updatedTs": "2016-12-19T19:43:25.030144Z",
      "name": "Laverne Gleichner",
      "email": "florencio.fisher@wendell.tv",
      "sex": "F",
      "birthdate": "1974-02-26T16:03:00.029695Z",
      "phonenumber": "(081)291-9173 x3567",
      "address": "760 Sammy Dale",
      "city": "Guªannbury",
      "country": "Northern Ireland",
      "photo": "https://randomuser.me/api/portraits/women/37.jpg",
      "favorite": false
    },
    {
      "id": 669,
      "createdTs": "2016-12-19T19:43:24.981183Z",
      "updatedTs": "2016-12-19T19:43:24.981223Z",
      "name": "Leda Dach",
      "email": "kirstin.gleichner@samir.org",
      "sex": "F",
      "birthdate": "1971-05-24T10:52:43.980640Z",
      "phonenumber": "186.558.8870",
      "address": "925 Dena Manors",
      "city": "South Jimmieburgh",
      "country": "Wales",
      "photo": "https://randomuser.me/api/portraits/women/12.jpg",
      "favorite": false
    },
    {
      "id": 657,
      "createdTs": "2016-12-19T19:43:24.956949Z",
      "updatedTs": "2016-12-19T19:43:24.956997Z",
      "name": "Lenora Waters",
      "email": "bernie@elwin.tv",
      "sex": "M",
      "birthdate": "1990-02-21T21:44:53.956367Z",
      "phonenumber": "516-492-10574 x410624",
      "address": "603 Gusikowski Lodge",
      "city": "East Liammouth",
      "country": "Scotland",
      "photo": "https://randomuser.me/api/portraits/men/0.jpg",
      "favorite": false
    },
    {
      "id": 678,
      "createdTs": "2016-12-19T19:43:25.000529Z",
      "updatedTs": "2016-12-19T19:43:25.000566Z",
      "name": "Levi Keebler",
      "email": "ewell@joseph.me",
      "sex": "M",
      "birthdate": "2001-11-26T15:47:26.999998Z",
      "phonenumber": "300-597-1976",
      "address": "049 Javon Squares",
      "city": "New Coleman",
      "country": "Northern Ireland",
      "photo": "https://randomuser.me/api/portraits/men/21.jpg",
      "favorite": false
    },
    {
      "id": 690,
      "createdTs": "2016-12-19T19:43:25.022492Z",
      "updatedTs": "2016-12-19T19:43:25.022535Z",
      "name": "Liza Hintz",
      "email": "isaac_gottlieb@erica.biz",
      "sex": "M",
      "birthdate": "1972-08-11T14:58:56.021982Z",
      "phonenumber": "(991)568-8515",
      "address": "21010 Barton Mountains",
      "city": "Russelfurt",
      "country": "Wales",
      "photo": "https://randomuser.me/api/portraits/men/33.jpg",
      "favorite": false
    },
    {
      "id": 684,
      "createdTs": "2016-12-19T19:43:25.011277Z",
      "updatedTs": "2016-12-19T19:43:25.011312Z",
      "name": "Maribel Blanda",
      "email": "lina@dan.us",
      "sex": "F",
      "birthdate": "1999-05-23T04:34:04.010825Z",
      "phonenumber": "319.416.70810",
      "address": "1007 Hirthe Camp",
      "city": "Lake Carmela",
      "country": "Wales",
      "photo": "https://randomuser.me/api/portraits/women/27.jpg",
      "favorite": false
    },
    {
      "id": 686,
      "createdTs": "2016-12-19T19:43:25.014683Z",
      "updatedTs": "2016-12-19T19:43:25.014719Z",
      "name": "Mekhi Heaney",
      "email": "camryn_stroman@jermain.us",
      "sex": "F",
      "birthdate": "1985-07-09T14:33:03.014219Z",
      "phonenumber": "1-2104-1108-5410 x410106",
      "address": "2734 Victor Mall",
      "city": "Gottliebmouth",
      "country": "Wales",
      "photo": "https://randomuser.me/api/portraits/women/29.jpg",
      "favorite": false
    },
    {
      "id": 689,
      "createdTs": "2016-12-19T19:43:25.020164Z",
      "updatedTs": "2016-12-19T19:43:25.020197Z",
      "name": "Michele Morissette",
      "email": "danyka_o.hara@naomi.tv",
      "sex": "F",
      "birthdate": "1994-10-17T08:55:23.019664Z",
      "phonenumber": "188.970.2616 x8877",
      "address": "1069 Abelardo Viaduct",
      "city": "Leannonhaven",
      "country": "Wales",
      "photo": "https://randomuser.me/api/portraits/women/32.jpg",
      "favorite": false
    },
    {
      "id": 661,
      "createdTs": "2016-12-19T19:43:24.966326Z",
      "updatedTs": "2016-12-19T19:43:24.966373Z",
      "name": "Miss America Mills",
      "email": "gabrielle@madelyn.biz",
      "sex": "M",
      "birthdate": "1978-11-09T20:44:32.965752Z",
      "phonenumber": "662-150-6104",
      "address": "280210 Veronica Loaf",
      "city": "McDermottville",
      "country": "Northern Ireland",
      "photo": "https://randomuser.me/api/portraits/men/4.jpg",
      "favorite": false
    },
    {
      "id": 704,
      "createdTs": "2016-12-19T19:43:25.049137Z",
      "updatedTs": "2016-12-19T19:43:25.049170Z",
      "name": "Miss Jayce Aufderhar",
      "email": "jannie@marisol.org",
      "sex": "F",
      "birthdate": "1984-02-06T03:01:17.048714Z",
      "phonenumber": "114.003.8146",
      "address": "831 Douglas Corner",
      "city": "Dovieville",
      "country": "Northern Ireland",
      "photo": "https://randomuser.me/api/portraits/women/47.jpg",
      "favorite": false
    },
    {
      "id": 696,
      "createdTs": "2016-12-19T19:43:25.034285Z",
      "updatedTs": "2016-12-19T19:43:25.034376Z",
      "name": "Mr. Dillan Kihn",
      "email": "shad.king@lauriane.us",
      "sex": "F",
      "birthdate": "1978-03-01T07:18:06.033383Z",
      "phonenumber": "305.949.0595 x3580",
      "address": "191 Bins Avenue",
      "city": "Lindbury",
      "country": "England",
      "photo": "https://randomuser.me/api/portraits/women/39.jpg",
      "favorite": false
    },
    {
      "id": 671,
      "createdTs": "2016-12-19T19:43:24.987426Z",
      "updatedTs": "2016-12-19T19:43:24.987472Z",
      "name": "Mrs. Grady Walker",
      "email": "ethelyn.borer@rogelio.ca",
      "sex": "F",
      "birthdate": "1968-07-24T03:54:40.986373Z",
      "phonenumber": "(669)949-10338 x027",
      "address": "567 Jerald Unions",
      "city": "Oberbrunnerport",
      "country": "Scotland",
      "photo": "https://randomuser.me/api/portraits/women/14.jpg",
      "favorite": false
    },
    {
      "id": 688,
      "createdTs": "2016-12-19T19:43:25.018310Z",
      "updatedTs": "2016-12-19T19:43:25.018352Z",
      "name": "Nannie Schinner",
      "email": "clifford_kunde@milan.info",
      "sex": "M",
      "birthdate": "1977-07-26T19:49:11.017704Z",
      "phonenumber": "(651)1108-2550 x870",
      "address": "483107 Darby Unions",
      "city": "Lake Rosario",
      "country": "England",
      "photo": "https://randomuser.me/api/portraits/men/31.jpg",
      "favorite": false
    },
    {
      "id": 667,
      "createdTs": "2016-12-19T19:43:24.977406Z",
      "updatedTs": "2016-12-19T19:43:24.977443Z",
      "name": "Nestor Reichel",
      "email": "tillman@allene.name",
      "sex": "M",
      "birthdate": "1980-11-06T09:16:40.976985Z",
      "phonenumber": "1-442-1610-73108",
      "address": "455 Auer Lock",
      "city": "Beermouth",
      "country": "Northern Ireland",
      "photo": "https://randomuser.me/api/portraits/men/10.jpg",
      "favorite": false
    },
    {
      "id": 693,
      "createdTs": "2016-12-19T19:43:25.028548Z",
      "updatedTs": "2016-12-19T19:43:25.028585Z",
      "name": "Robb Jacobson",
      "email": "kadin@mina.biz",
      "sex": "F",
      "birthdate": "1994-12-16T08:48:45.028110Z",
      "phonenumber": "1-873-185-66103 x27455",
      "address": "473 Heaney Lights",
      "city": "Douglasburgh",
      "country": "England",
      "photo": "https://randomuser.me/api/portraits/women/36.jpg",
      "favorite": false
    },
    {
      "id": 681,
      "createdTs": "2016-12-19T19:43:25.005860Z",
      "updatedTs": "2016-12-19T19:43:25.005897Z",
      "name": "Roosevelt Daniel",
      "email": "alia@sydni.com",
      "sex": "F",
      "birthdate": "2000-05-03T18:19:22.005378Z",
      "phonenumber": "1-388-571-9046",
      "address": "048 Jovan Squares",
      "city": "New Amarafort",
      "country": "England",
      "photo": "https://randomuser.me/api/portraits/women/24.jpg",
      "favorite": false
    },
    {
      "id": 673,
      "createdTs": "2016-12-19T19:43:24.991483Z",
      "updatedTs": "2016-12-19T19:43:24.991520Z",
      "name": "Rose Hessel IV",
      "email": "triston@guiseppe.net",
      "sex": "M",
      "birthdate": "1981-07-28T14:09:53.991008Z",
      "phonenumber": "1-207-153-8194",
      "address": "51040 Parisian Causeway",
      "city": "South Eliane",
      "country": "England",
      "photo": "https://randomuser.me/api/portraits/men/16.jpg",
      "favorite": false
    },
    {
      "id": 668,
      "createdTs": "2016-12-19T19:43:24.979182Z",
      "updatedTs": "2016-12-19T19:43:24.979219Z",
      "name": "Shanny Robel",
      "email": "pinkie_heaney@elva.biz",
      "sex": "F",
      "birthdate": "1967-02-19T09:57:21.978703Z",
      "phonenumber": "981-643-21062 x2510",
      "address": "88582 Gleichner Stravenue",
      "city": "New Heberhaven",
      "country": "Wales",
      "photo": "https://randomuser.me/api/portraits/women/11.jpg",
      "favorite": false
    },
    {
      "id": 672,
      "createdTs": "2016-12-19T19:43:24.989539Z",
      "updatedTs": "2016-12-19T19:43:24.989591Z",
      "name": "Sigurd Muller",
      "email": "jordan@malinda.us",
      "sex": "M",
      "birthdate": "1996-11-03T21:20:09.988977Z",
      "phonenumber": "1-081-699-31088 x762",
      "address": "614 Xzavier Fork",
      "city": "Port Annaliseburgh",
      "country": "Northern Ireland",
      "photo": "https://randomuser.me/api/portraits/men/15.jpg",
      "favorite": false
    },
    {
      "id": 699,
      "createdTs": "2016-12-19T19:43:25.040044Z",
      "updatedTs": "2016-12-19T19:43:25.040080Z",
      "name": "Sophia Ernser PhD",
      "email": "khalil@yesenia.biz",
      "sex": "M",
      "birthdate": "1992-11-20T18:19:42.039618Z",
      "phonenumber": "137.854.4195",
      "address": "064 Murazik Forks",
      "city": "Welchton",
      "country": "Scotland",
      "photo": "https://randomuser.me/api/portraits/men/42.jpg",
      "favorite": false
    },
    {
      "id": 682,
      "createdTs": "2016-12-19T19:43:25.007609Z",
      "updatedTs": "2016-12-19T19:43:25.007644Z",
      "name": "Terence Koepp",
      "email": "philip_greenfelder@ezekiel.co.uk",
      "sex": "M",
      "birthdate": "1986-07-31T11:44:48.007122Z",
      "phonenumber": "621-1103-18910 x6913",
      "address": "418 Ruth Meadow",
      "city": "Gorczanyhaven",
      "country": "England",
      "photo": "https://randomuser.me/api/portraits/men/25.jpg",
      "favorite": false
    },
    {
      "id": 677,
      "createdTs": "2016-12-19T19:43:24.998824Z",
      "updatedTs": "2016-12-19T19:43:24.998854Z",
      "name": "Tony Harris",
      "email": "calista.dach@gayle.co.uk",
      "sex": "M",
      "birthdate": "1977-08-16T15:17:11.998350Z",
      "phonenumber": "1-913-670-7023",
      "address": "1073 Kareem Road",
      "city": "South Anguston",
      "country": "Wales",
      "photo": "https://randomuser.me/api/portraits/men/20.jpg",
      "favorite": false
    },
    {
      "id": 703,
      "createdTs": "2016-12-19T19:43:25.047264Z",
      "updatedTs": "2016-12-19T19:43:25.047298Z",
      "name": "Unique Volkman",
      "email": "julianne@brielle.org",
      "sex": "M",
      "birthdate": "1982-08-11T21:00:09.046783Z",
      "phonenumber": "(005)286-9624 x5816",
      "address": "167 Abigayle Green",
      "city": "East Cliffordmouth",
      "country": "Scotland",
      "photo": "https://randomuser.me/api/portraits/men/46.jpg",
      "favorite": false
    },
    {
      "id": 666,
      "createdTs": "2016-12-19T19:43:24.975770Z",
      "updatedTs": "2016-12-19T19:43:24.975807Z",
      "name": "Vidal Spencer",
      "email": "dorian_kreiger@leopold.ca",
      "sex": "F",
      "birthdate": "1999-05-23T02:42:51.975328Z",
      "phonenumber": "1-537-584-103110 x484",
      "address": "7610 Nelda Drives",
      "city": "Zemlakburgh",
      "country": "Northern Ireland",
      "photo": "https://randomuser.me/api/portraits/women/9.jpg",
      "favorite": false
    },
    {
      "id": 692,
      "createdTs": "2016-12-19T19:43:25.026678Z",
      "updatedTs": "2016-12-19T19:43:25.026718Z",
      "name": "Vinnie Schmidt",
      "email": "friedrich@warren.us",
      "sex": "F",
      "birthdate": "2001-12-14T06:09:28.026112Z",
      "phonenumber": "1-914-368-8906 x9138",
      "address": "101536 Nannie Crest",
      "city": "North Kathleen",
      "country": "Northern Ireland",
      "photo": "https://randomuser.me/api/portraits/women/35.jpg",
      "favorite": false
    },
    {
      "id": 662,
      "createdTs": "2016-12-19T19:43:24.968668Z",
      "updatedTs": "2016-12-19T19:43:24.968710Z",
      "name": "Virgie Walsh",
      "email": "granville_howe@ressie.co.uk",
      "sex": "F",
      "birthdate": "1983-10-24T15:14:17.968143Z",
      "phonenumber": "(0410)1000-10571 x941010",
      "address": "8222 Rutherford Overpass",
      "city": "East Aurelia",
      "country": "Scotland",
      "photo": "https://randomuser.me/api/portraits/women/5.jpg",
      "favorite": false
    },
    {
      "id": 676,
      "createdTs": "2016-12-19T19:43:24.997096Z",
      "updatedTs": "2016-12-19T19:43:24.997134Z",
      "name": "Zakary Kertzmann",
      "email": "rogers_dietrich@monroe.org",
      "sex": "F",
      "birthdate": "1985-06-15T05:09:03.996605Z",
      "phonenumber": "1-687-600-1737",
      "address": "8605 Mertz Crest",
      "city": "Lake Terranceton",
      "country": "Wales",
      "photo": "https://randomuser.me/api/portraits/women/19.jpg",
      "favorite": false
    }
  ]
}