{
  "name": "angular-resource",
  "version": "1.4.0",
  "main": "./angular-resource.js",
  "ignore": [],
  "dependencies": {
    "angular": "1.4.0"
  },
  "homepage": "https://github.com/angular/bower-angular-resource",
  "_release": "1.4.0",
  "_resolution": {
    "type": "version",
    "tag": "v1.4.0",
    "commit": "51fac1b7d12c0a4f1a730f9edb33a7d23add7e89"
  },
  "_source": "https://github.com/angular/bower-angular-resource.git",
  "_target": "1.4.0",
  "_originalSource": "angular-resource"
}