{
  "name": "ngInfiniteScroll",
  "version": "1.2.1",
  "main": "build/ng-infinite-scroll.js",
  "ignore": [
    "**/.*",
    "_*",
    "node_modules",
    "compile",
    "test",
    "Gruntfile.coffee",
    ".*"
  ],
  "dependencies": {
    "angular": ">=1.2.0"
  },
  "homepage": "https://github.com/ng-infinite-scroll/ng-infinite-scroll-bower",
  "_release": "1.2.1",
  "_resolution": {
    "type": "version",
    "tag": "1.2.1",
    "commit": "9fcbb888f7f5bae4e2ee104876d7d6036be9a2c1"
  },
  "_source": "https://github.com/ng-infinite-scroll/ng-infinite-scroll-bower.git",
  "_target": "1.2.1",
  "_originalSource": "ngInfiniteScroll"
}